Brandtr,Coneau,92
Bette,Marzelo,23
Sammie,Tume,32
Alisa,Ivory,76
Scarlett,Paladini,14
Guillema,Standring,92
Amber,Gaskell,2
Benoite,Lorraway,61
Chrystel,Oakman,40
Brandon,Clewlowe,52
Collie,Gomby,21
Natasha,Wilby,2
Latashia,Bellfield,36
Gustave,Rumble,32
Franklyn,Gentric,70
Caresse,Danzig,3
Glynnis,Ahrendsen,42
Aloisia,Freshwater,45
Stephen,Brecknall,49
Nellie,Earsman,22
Garald,Eliaz,18
Urbanus,Abbots,29
Bing,Ionnidis,44
Rhody,Feveryear,40
Grantley,Bineham,26
Odilia,Helliker,45
Tod,Townby,11
Eilis,Whild,89
